Event,Game,AwayTeam,HomeTeam,Start Date,Location,Category,TV,Week
Football, Baylor at SMU,SMU,Baylor,9/6/2025,Dallas Texas,Football,The CW,1
Football, Iowa at Iowa State,IowaState,Iowa,9/6/2025,Ames Iowa,Football,FOX,1
Football, Kent State at Texas Tech,TexasTech,KentState,9/6/2025,Lubbock Texas,Football,TNT and HBO Max,1
Football, Bowling Green at Cincinnati,Cincinnati,BowlingGreen,9/6/2025,Cincinnati Ohio,Football,ESPN+,1
Football, Delaware at Colorado,Colorado,Delaware,9/6/2025,Boulder Colo.,Football,FOX,1
Football, Kansas at Missouri,Missouri,Kansas,9/6/2025,Columbia Mo.,Football,ESPN2,1
Football, Oklahoma State at Oregon,Oregon,OklahomaState,9/6/2025,Eugene Ore.,Football,CBS,1
Football, West Virginia at Ohio,Ohio,WestVirginia,9/6/2025,Athens Ohio,Football,ESPNU,1
Football, Cal Poly at Utah,Utah,CalPoly,9/6/2025,Salt Lake City Utah,Football,ESPN+,1
Football, Houston at Rice,Rice,Houston,9/6/2025,Houston Texas ,Football,ESPN+,1
Football, Army at Kansas State,KansasState,Army,9/6/2025,Manhattan Kan.,Football,ESPN,1
Football, North Carolina A&T at UCF,UCF,NorthCarolinaA&T,9/6/2025,Orlando Fla. ,Football,ESPN+,1
Football, Arizona State at Mississippi State,MississippiState,ArizonaState,9/6/2025,Starkville Miss.,Football,ESPN2,1
Football, Weber State at Arizona,Arizona,WeberState,9/6/2025,Tucson Ariz.,Football,ESPN+,1
Football, Stanford at BYU,BYU,Stanford,9/6/2025,Provo Utah,Football,ESPN,1
Football, Colorado at Houston,Houston,Colorado,9/12/2025,Houston Texas,Football,ESPN,2
Football, Kansas State at Arizona,Arizona,KansasState,9/12/2025,Tucson Ariz.,Football,FOX,2
Football, Samford at Baylor,Baylor,Samford,9/13/2025,Waco Texas,Football,ESPN+,2
Football, Northwestern State at Cincinnati,Cincinnati,NorthwesternState,9/13/2025,Cincinnati Ohio,Football,ESPN+,2
Football, Oregon State at Texas Tech,TexasTech,OregonState,9/13/2025,Lubbock Texas,Football,FOX,2
Football, Pittsburgh at West Virginia,WestVirginia,Pittsburgh,9/13/2025,Morgantown W. Va.,Football,ESPN,2
Football, Iowa State at Arkansas State,ArkansasState,IowaState,9/13/2025,Jonesboro Ark.,Football,ESPN2,2
Football, Abilene Christian at TCU,TCU,AbileneChristian,9/13/2025,Fort Worth Texas,Football,ESPN+,2
Football, Utah at Wyoming,Wyoming,Utah,9/13/2025,Laramie Wyo.,Football,CBS Sports Network,2
Football, Texas State at Arizona State,ArizonaState,TexasState,9/13/2025,Tempe Ariz.,Football,TNT and HBO Max,2
Football, Tulsa at Oklahoma State,OklahomaState,Tulsa,9/19/2025,Stillwater Okla.,Football,ESPN,3
Football, North Carolina at UCF,UCF,NorthCarolina,9/20/2025,Orlando Fla. ,Football,,3
Football, BYU at East Carolina,EastCarolina,BYU,9/20/2025,Greenville N.C.,Football,,3
Football, West Virginia at Kansas,Kansas,WestVirginia,9/20/2025,Lawrence Kan.,Football,,3
Football, SMU at TCU,TCU,SMU,9/20/2025,Fort Worth Texas,Football,,3
Football, Arizona State at Baylor,Baylor,ArizonaState,9/20/2025,Waco Texas,Football,,3
Football, Texas Tech at Utah,Utah,TexasTech,9/20/2025,Salt Lake City Utah,Football,,3
Football, Wyoming at Colorado,Colorado,Wyoming,9/20/2025,Boulder Colo.,Football,,3
Football, TCU at Arizona State,ArizonaState,TCU,9/26/2025,Tempe Ariz.,Football,FOX,4
Football, Houston at Oregon State,OregonState,Houston,9/26/2025,Corvallis Ore.,Football,ESPN,4
Football, Utah at West Virginia,WestVirginia,Utah,9/27/2025,Morgantown W. Va.,Football,,4
Football, BYU at Colorado,Colorado,BYU,9/27/2025,Boulder Colo.,Football,ESPN,4
Football, Baylor at Oklahoma State,OklahomaState,Baylor,9/27/2025,Stillwater Okla.,Football,,4
Football, Cincinnati at Kansas,Kansas,Cincinnati,9/27/2025,Lawrence Kan.,Football,,4
Football, UCF at Kansas State,KansasState,UCF,9/27/2025,Manhattan Kan.,Football,,4
Football, Arizona at Iowa State,IowaState,Arizona,9/27/2025,Ames Iowa,Football,,4
Football, West Virginia at BYU,BYU,WestVirginia,10/3/2025,Provo Utah,Football,ESPN,5
Football, Kansas at UCF,UCF,Kansas,10/4/2025,Orlando Fla.,Football,,5
Football, Iowa State at Cincinnati,Cincinnati,IowaState,10/4/2025,Cincinnati Ohio,Football,,5
Football, Colorado at TCU,TCU,Colorado,10/4/2025,Fort Worth Texas,Football,,5
Football, Texas Tech at Houston,Houston,TexasTech,10/4/2025,Houston Texas,Football,,5
Football, Kansas State at Baylor,Baylor,KansasState,10/4/2025,Waco Texas,Football,,5
Football, Oklahoma State at Arizona,Arizona,OklahomaState,10/4/2025,Tucson Ariz.,Football,,5
Football, UCF at Cincinnati,Cincinnati,UCF,10/11/2025,Cincinnati Ohio,Football,,6
Football, TCU at Kansas State,KansasState,TCU,10/11/2025,Manhattan Kan.,Football,,6
Football, Kansas at Texas Tech,TexasTech,Kansas,10/11/2025,Lubbock Texas,Football,,6
Football, Houston at Oklahoma State,OklahomaState,Houston,10/11/2025,Stillwater OK,Football,,6
Football, Iowa State at Colorado,Colorado,IowaState,10/11/2025,Boulder Colo.,Football,,6
Football, BYU at Arizona,Arizona,BYU,10/11/2025,Tucson Ariz.,Football,,6
Football, Arizona State at Utah,Utah,ArizonaState,10/11/2025,Salt Lake City Utah,Football,,6
Football, West Virginia at UCF,UCF,WestVirginia,10/18/2025,Orlando Fla.,Football,,7
Football, Utah at BYU,BYU,Utah,10/18/2025,Provo Utah,Football,,7
Football, Cincinnati at Oklahoma State,OklahomaState,Cincinnati,10/18/2025,Stillwater Okla.,Football,,7
Football, Baylor at TCU,TCU,Baylor,10/18/2025,Fort Worth Texas,Football,,7
Football, Arizona at Houston,Houston,Arizona,10/18/2025,Houston Texas,Football,,7
Football, Texas Tech at Arizona State,ArizonaState,TexasTech,10/18/2025,Tempe Ariz.,Football,,7
Football, Baylor at Cincinnati,Cincinnati,Baylor,10/25/2025,Cincinnati Ohio,Football,,8
Football, TCU at West Virginia,WestVirginia,TCU,10/25/2025,Morgantown W. Va.,Football,,8
Football, BYU at Iowa State,IowaState,BYU,10/25/2025,Ames Iowa,Football,,8
Football, Kansas State at Kansas,Kansas,KansasState,10/25/2025,Lawrence Kan.,Football,,8
Football, Oklahoma State at Texas Tech,TexasTech,OklahomaState,10/25/2025,Lubbock Texas,Football,,8
Football, Houston at Arizona State,ArizonaState,Houston,10/25/2025,Tempe Ariz.,Football,,8
Football, Colorado at Utah,Utah,Colorado,10/25/2025,Salt Lake City Utah,Football,,8
Football, Oklahoma State at Kansas,Kansas,OklahomaState,11/1/2025,Lawrence Kan.,Football,,9
Football, Texas Tech at Kansas State,KansasState,TexasTech,11/1/2025,Manhattan Kan.,Football,,9
Football, West Virginia at Houston,Houston,WestVirginia,11/1/2025,Houston Texas,Football,,9
Football, UCF at Baylor,Baylor,UCF,11/1/2025,Waco Texas,Football,,9
Football, Arizona State at Iowa State,IowaState,ArizonaState,11/1/2025,Ames IA,Football,,9
Football, Cincinnati at Utah,Utah,Cincinnati,11/1/2025,Salt Lake City Utah,Football,,9
Football, Arizona at Colorado,Colorado,Arizona,11/1/2025,Boulder Colo.,Football,,9
Football, Houston at UCF,UCF,Houston,11/7/2025,Orlando Fla.,Football,FS1,10
Football, Colorado at West Virginia,WestVirginia,Colorado,11/8/2025,Morgantown W. Va.,Football,,10
Football, BYU at Texas Tech,TexasTech,BYU,11/8/2025,Lubbock Texas,Football,,10
Football, Iowa State at TCU,TCU,IowaState,11/8/2025,Fort Worth Texas,Football,,10
Football, Kansas at Arizona,Arizona,Kansas,11/8/2025,Tucson Ariz.,Football,,10
Football, TCU at BYU,BYU,TCU,11/15/2025,Provo UT,Football,,11
Football, Arizona at Cincinnati,Cincinnati,Arizona,11/15/2025,Cincinnati Ohio,Football,,11
Football, Utah at Baylor,Baylor,Utah,11/15/2025,Waco Texas,Football,,11
Football, UCF at Texas Tech,TexasTech,UCF,11/15/2025,Lubbock Texas,Football,,11
Football, Kansas State at Oklahoma State,OklahomaState,KansasState,11/15/2025,Stillwater Okla.,Football,,11
Football, West Virginia at Arizona State,ArizonaState,WestVirginia,11/15/2025,Tempe Ariz.,Football,,11
Football, Oklahoma State at UCF,UCF,OklahomaState,11/22/2025,Orlando Fla.,Football,,12
Football, BYU at Cincinnati,Cincinnati,BYU,11/22/2025,Cincinnati Ohio,Football,,12
Football, Kansas at Iowa State,IowaState,Kansas,11/22/2025,Ames Iowa,Football,,12
Football, TCU at Houston,Houston,TCU,11/22/2025,Houston Texas,Football,,12
Football, Kansas State at Utah,Utah,KansasState,11/22/2025,Salt Lake City Utah,Football,,12
Football, Baylor at Arizona,Arizona,Baylor,11/22/2025,Tucson Ariz. ,Football,,12
Football, Arizona State at Colorado,Colorado,ArizonaState,11/22/2025,Boulder CO,Football,,12
Football, Utah at Kansas,Kansas,Utah,11/28/2025,Lawrence Kan.,Football,ABC or ESPN,13
Football, Arizona at Arizona State,ArizonaState,Arizona,11/28/2025,Tempe Ariz.,Football,FOX,13
Football, UCF at BYU,BYU,UCF,11/29/2025,Provo Utah,Football,,13
Football, Texas Tech at West Virginia,WestVirginia,TexasTech,11/29/2025,Morgantown W. Va.,Football,,13
Football, Cincinnati at TCU,TCU,Cincinnati,11/29/2025,Fort Worth Texas,Football,,13
Football, Colorado at Kansas State,KansasState,Colorado,11/29/2025,Manhattan Kan.,Football,,13
Football, Iowa State at Oklahoma State,OklahomaState,IowaState,11/29/2025,Stillwater Okla.,Football,,13
Football, Houston at Baylor,Baylor,Houston,11/29/2025,Waco Texas,Football,,13
